Column,Missing_Count,Missing_Percent
CountTherapyEndTreatment_LI_StructuredPhysicalActivity,92114,99.97503717290557
CountTherapyEndTreatment_HI_AppliedRelaxation,92105,99.96526911012948
CountTherapyEndTreatment_LI_NonGuidedSelfHelpComputer,92086,99.94464764426885
Count_FinishedTreatmentFirst6MonthsFollowUp,92073,99.93053822025895
Percentage_FollowUpAppointment,92073,99.93053822025895
CountTherapyEndTreatment_HI_CollaborativeCare,92065,99.92185549779134
CountTherapyEndTreatment_LI_Signposting,92053,99.90883141408989
CountTherapyEndTreatment_LI_NonGuidedSelfHelpBook,92030,99.88386858699545
Mean_ApptsMindfulnessBasedCognitiveTherapistTrainee,92020,99.87301518391092
CountTherapyEndTreatment_HI_ShortTermPsychoDynamicPsychotherapy,92011,99.86324712113483
CountTherapyEndTreatment_HI_Mindfulness,92004,99.85564973897566
Mean_TreatmentAppointmentsDeterioration,91946,99.79270000108535
Count_BAFIndicatorCompletion,91945,99.79161466077689
Percentage_BAFIndicatorCompletion,91945,99.79161466077689
Mean_TreatmentAppointmentsNoChange,91941,99.78727329954307
Mean_TreatmentAppointmentsReliableRecovery,91940,99.78618795923462
Count_FinishedTreatmentFirst6Months,91940,99.78618795923462
Mean_TreatmentAppointmentsRecovery,91940,99.78618795923462
Mean_TreatmentAppointmentsImprovement,91940,99.78618795923462
Count_FinishedCourseTreatmentContactDuration,91939,99.78510261892617
Mean_TotalContactDurationPerReferral,91939,99.78510261892617
Median_TotalContactDurationPerReferral,91939,99.78510261892617
Mean_ApptsHighIntensityBriefDynamicInterpersonalPsychotherapistTrainee,91893,99.73517696473729
CountTherapyEndTreatment_LastNotStated,91832,99.66897120592162
CountTherapyEndTreatment_HI_CouplesTherapyForDepression,91825,99.66137382376245
PercentageGivenInformationAboutOptions,91812,99.64726439975254
CountTherapyEndTreatment_LI_GuidedSelfHelpComputer,91810,99.64509371913563
PercentagePreferTreatments,91783,99.61578953080739
CountTherapyEndTreatment_HI_InterpersonalPsychoTherapy,91753,99.58322932155377
Mean_WaitAccessingServices,91743,99.57237591846923
Mean_ApptsHighIntensityCouplesTherapistforDepressionTrainee,91734,99.56260785569316
CountTherapyEndTreatment_LI_PsychoEducationalPeerSupport,91680,99.50399947903665
CountTherapyEndTreatment_HI_Other,91655,99.47686597132531
PercentageDidAssessmentCoverYourEmploymentNeeds,91653,99.47469529070841
PercentageOfferedYourPreference,91653,99.47469529070841
CountTherapyEndTreatment_HI_EyeMovementDesensitisationReprocessing,91650,99.47143926978303
CountEmploymentStatusEndTreatment_UnPaidVoluntaryWork,91649,99.47035392947458
CountGivenInformationAboutOptions,91644,99.46492722793232
Mean_ApptsEmploymentAdviserQualified,91633,99.45298848453933
CountPreferTreatments,91615,99.43345235898717
PercentageDidStaffListen,91603,99.42042827528572
Mean_ApptsHighIntensityInterpersonalTherapistTrainee,91597,99.41391623343499
CountTherapyEndTreatment_LI_Other,91582,99.39763612880819
CountTherapyEndTreatment_HI_InternetEnabledTherapy,91578,99.39329476757437
Mean_ApptsEyeMovementDesensitisationReprocessingTrainee,91578,99.39329476757437
PercentageConfidenceInYourTherapist,91522,99.33251571030097
PercentageAssessmentSatisfaction,91517,99.32708900875869
CountOfferedYourPreference,91485,99.29235811888817
CountDidAssessmentCoverYourEmploymentNeeds,91485,99.29235811888817
PercentageFeelInvolved,91470,99.27607801426137
PercentageHelpedUnderstandDifficulties,91440,99.24351780500777
CountTherapyEndTreatment_LI_GuidedSelfHelpBook,91439,99.2424324646993
CountDidStaffListen,91427,99.22940838099787
PercentageHelpThatMattered,91420,99.22181099883869
Count_statusEndPrescribedButNotTaking,91391,99.19033612989352
Mean_ApptsHighIntensityBriefDynamicInterpersonalPsychotherapistQualified,91355,99.1512638787892
CountTherapyEndTreatment_HI_CounsellingForDepression,91349,99.14475183693847
CountAssessmentSatisfaction,91349,99.14475183693847
CountEmploymentStatusEndTreatment_NotReceivingBenefits,91346,99.14149581601312
CountConfidenceInYourTherapist,91346,99.14149581601312
PercentageDidYouReceiveTheEmploymentHelpYouRequired,91307,99.09916754398341
CountFeelInvolved,91294,99.08505811997351
Mean_ApptsHighIntensityCounsellingforDepressionTrainee,91284,99.07420471688899
CountHelpedUnderstandDifficulties,91264,99.05249791071991
CountEmploymentStatusEndTreatment_Students,91264,99.05249791071991
Count_StatusEndNotStatedNotKnownInvalid,91257,99.04490052856073
CountHelpThatMattered,91244,99.03079110455083
Count_StatusEndPrescribedAndTaking,91238,99.0242790627001
Count_StatusEndNotPrescribed,91232,99.01776702084939
Mean_ApptsMindfulnessBasedCognitiveTherapistQualified,91210,98.99388953406341
Count_FinishedCourseTreatmentPairedWSAS,91197,98.97978011005351
Count_StatusEndTotal,91182,98.9635000054267
CountTherapyEndTreatment_HI_CognitiveBehaviourTherapy,91152,98.93093979617309
CountDidYouReceiveTheEmploymentHelpYouRequired,91131,98.90814764969556
Mean_WaitFinishedCourseTreatment,91111,98.88644084352649
CountEmploymentStatusEndTreatment_NotStated_Unknown_Invalid,91107,98.88209948229267
CountEmploymentStatusEndTreatment_Retired,91105,98.87992880167576
CountEmploymentStatusEndTreatment_Homemaker,91042,98.81155236224318
CountEmploymentStatusEndTreatment_LongTermSick,90903,98.66069005936812
Mean_ApptsHighIntensityCouplesTherapistforDepressionQualified,90753,98.49788901310006
CountEmploymentStatusEndTreatment_UnemployedAndSeekingWork,90749,98.49354765186624
Median_ContactDuration,90704,98.44470733798583
Mean_ContactDuration,90704,98.44470733798583
Sum_ContactDuration,90704,98.44470733798583
Count_ApptsFinishedCourseTreatment,90702,98.44253665736892
Count_EmploymentStatusEndTreatment_Employed,90688,98.42734189305057
Count_FinishedCourseTreatment_employment,90363,98.07460629280311
Count_ReferralsReceived_employment,90346,98.0561555075594
Mean_ApptsHighIntensityInterpersonalTherapistQualified,90177,97.87273299543072
Mean_ApptsHighIntensityCounsellingforDepressionQualified,89840,97.50697331148181
Mean_ApptsEyeMovementDesensitisationReprocessingQualified,89483,97.11950682136384
Mean_ApptsHighIntensityCognitiveBehaviouralTherapistTrainee,88867,96.45093719135635
Mean_ApptsPsychologicalWellBeingPractitionerTrainee,88050,95.56421415934966
Percentage_AppropriatePairedADSM,87910,95.41226651616614
Count_AppropriatePairedADSM,87910,95.41226651616614
Mean_ApptsHighIntensityCognitiveBehaviouralTherapistQualified,85859,93.18623354352758
Mean_ApptsPsychologicalWellBeingPractitionerQualified,85223,92.49595710735102
Count_IntegratedReferralsNotAtCaseness,84962,92.2126832868446
Count_IntegratedReferralsDeterioration,83474,90.59769690786547
Percentage_IntegratedReferralsDeterioration,83474,90.59769690786547
Count_FinishedCourseTreatmentByInitialCasenessStatus,83275,90.38171418648318
Mean_ApptsFinishedCourseTreatment_therapist,82809,89.87594560274374
SD_End,82337,89.36366497715359
Mean_End,82337,89.36366497715359
EffectSize,82337,89.36366497715359
SD_Start,82337,89.36366497715359
Mean_Start,82335,89.36149429653668
Count_IntegratedReferralsNoChange,78050,84.71081107481251
Percentage_IntegratedReferralsNoChange,78050,84.71081107481251
Mean_ContactTimeIETReferral,77386,83.99014510999923
Count_IntegratedReferralsCoreOnlyNotAtCaseness,76773,83.32483150091711
Count_IntegratedReferralsReliableRecovery,76546,83.07845925089812
Percentage_IntegratedReferralsReliableRecovery,76546,83.07845925089812
Percentage_IntegratedReferralsRecovered,76241,82.74743045681974
Count_IntegratedReferralsRecovered,76241,82.74743045681974
InitialCaseness,76217,82.72138228941685
Percentage_Variable_withFCTandES,75493,81.93559590609635
Percentage_IntegratedReferralsCoreOnlyDeterioration,75436,81.8737315085145
Count_IntegratedReferralsCoreOnlyDeterioration,75436,81.8737315085145
Count_FinishedCourseTreatment_with_EmpSup,75340,81.76953883890293
Measure,75222,81.6414686825054
Percentage_IntegratedReferralsImprovement,74434,80.78622051944387
Count_IntegratedReferralsImprovement,74434,80.78622051944387
Count_NotAtCaseness,74297,80.63752889718572
Count_IntegratedReferralsAtCaseness,72873,79.09200429794762
Percentage_IntegratedAppointmentsFinishedCourseTreatment,72578,78.77182890695377
Mean_WaitFirstIntegratedAppointment,72578,78.77182890695377
Median_WaitFirstIntegratedAppointment,72578,78.77182890695377
Count_FinishedIntegratedReferrals,72578,78.77182890695377
Percentage_Deterioration,72510,78.69802576597891
Count_Deterioration,72510,78.69802576597891
Count_FirstIntegratedTreatment,71663,77.77874252471862
Count_FirstIntegratedContact,71279,77.36197184627241
Count_InternetEnabledTherapySessions,69701,75.64930483953243
Percentage_IntegratedReferralsCoreOnlyNoChange,67665,73.43955197152067
Count_IntegratedReferralsCoreOnlyNoChange,67665,73.43955197152067
Percentage_IntegratedAppointments,67036,72.75687291750327
Percentage_IntegratedReferralsCoreOnlyReliableRecovery,66090,71.73014098570607
Count_IntegratedReferralsCoreOnlyReliableRecovery,66090,71.73014098570607
Percentage_IntegratedReferralsCoreOnlyRecovered,65784,71.39802685131923
Count_IntegratedReferralsCoreOnlyRecovered,65784,71.39802685131923
Percentage_NoReliableChange,64509,70.01421795804075
Count_NoReliableChange,64509,70.01421795804075
Count_EndedBeforeTreatment,64080,69.5486069657141
Count_IntegratedReferralsCoreOnlyImprovement,63994,69.45526769918709
Percentage_IntegratedReferralsCoreOnlyImprovement,63994,69.45526769918709
Percentage_ReliableRecovery,62715,68.06711744467478
Count_ReliableRecovery,62715,68.06711744467478
Percentage_Recovery,62404,67.72957660874567
Count_Recovery,62404,67.72957660874567
Count_IntegratedReferralsCoreOnlyAtCaseness,62376,67.69918708010897
Median_WaitFirstAppointmentCoreOnly,61962,67.24985619240913
Count_FinishedIntegratedReferralsCoreOnly,61962,67.24985619240913
Mean_WaitFirstAppointmentCoreOnly,61962,67.24985619240913
Count_Improvement,60613,65.78573211630506
Percentage_Improvement,60613,65.78573211630506
Count_EndedAfterOneTreatment,59906,65.0183965182283
Count_AtCaseness,58955,63.98623788488881
Count_SecondTreatment,58534,63.529309615029796
Mean_ApptsFinishedCourseTreatment,57962,62.90849495859426
Percentage_Variable_withFCT,55701,60.45454052118041
Count_ReferralsReceived,54775,59.449515395552275
Count_EndedReferrals,54708,59.37679759488588
Count_FinishedCourseTreatment,54555,59.210740527692465
Count_AccessingServices,53686,58.26757979964617
VariableB,42785,46.436285097192226
VariableA,1393,1.511879049676026
VariableType,995,1.079913606911447
OrgType,0,0.0
OrgCode,0,0.0
OrgName,0,0.0
