ICB_NAME,Drug_Category,Total_Items,Total_Quantity,Total_Cost
NHS NORTH EAST AND NORTH CUMBRIA INTEGRATED CARE BOARD,Antidepressant,705082,21733414.0,1237189.33298
NHS GREATER MANCHESTER INTEGRATED CARE BOARD,Antidepressant,487995,16803050.0,1005366.07032
NHS CHESHIRE AND MERSEYSIDE INTEGRATED CARE BOARD,Antidepressant,461712,16431545.0,995490.63168
NHS WEST YORKSHIRE INTEGRATED CARE BOARD,Antidepressant,378183,13212006.0,820747.34766
NHS LANCASHIRE AND SOUTH CUMBRIA INTEGRATED CARE BOARD,Antidepressant,291508,10486612.0,564424.62624
NHS HUMBER AND NORTH YORKSHIRE INTEGRATED CARE BOARD,Antidepressant,283926,9900594.0,546467.33375
NHS SOUTH YORKSHIRE INTEGRATED CARE BOARD,Antidepressant,274899,9517659.0,453453.738
NHS HAMPSHIRE AND ISLE OF WIGHT INTEGRATED CARE BOARD,Antidepressant,255960,11144831.0,767940.72084
NHS KENT AND MEDWAY INTEGRATED CARE BOARD,Antidepressant,245946,9482930.0,564896.35243
NHS SUSSEX INTEGRATED CARE BOARD,Antidepressant,235109,9218745.0,658314.58783
NHS NORFOLK AND WAVENEY INTEGRATED CARE BOARD,Antidepressant,200445,7073254.0,468164.03054
NHS NORTH EAST LONDON INTEGRATED CARE BOARD,Antidepressant,193557,5890116.0,392287.40221000003
"NHS BUCKINGHAMSHIRE, OXFORDSHIRE AND BERKSHIRE WEST INTEGRATED CARE BOARD",Antidepressant,192638,7978573.0,513944.09871
NHS SUFFOLK AND NORTH EAST ESSEX INTEGRATED CARE BOARD,Antidepressant,186513,6437421.0,439613.46651
NHS NORTH WEST LONDON INTEGRATED CARE BOARD,Antidepressant,185976,6075442.0,428751.09179
NHS DEVON INTEGRATED CARE BOARD,Antidepressant,184840,7429186.0,461213.9148
NHS NOTTINGHAM AND NOTTINGHAMSHIRE INTEGRATED CARE BOARD,Antidepressant,182126,7044018.0,386559.78082
NHS HERTFORDSHIRE AND WEST ESSEX INTEGRATED CARE BOARD,Antidepressant,178820,6403205.0,444066.07617
NHS STAFFORDSHIRE AND STOKE-ON-TRENT INTEGRATED CARE BOARD,Antidepressant,174725,6564097.0,393786.03555
NHS MID AND SOUTH ESSEX INTEGRATED CARE BOARD,Antidepressant,165367,6098329.0,402840.96893
NHS BLACK COUNTRY INTEGRATED CARE BOARD,Antidepressant,163977,6147756.0,386958.79099
NHS DERBY AND DERBYSHIRE INTEGRATED CARE BOARD,Antidepressant,162157,7063413.0,359947.40643
NHS BIRMINGHAM AND SOLIHULL INTEGRATED CARE BOARD,Antidepressant,156764,5915277.0,403067.52531
NHS LINCOLNSHIRE INTEGRATED CARE BOARD,Antidepressant,156730,5096968.0,322940.53385
"NHS LEICESTER, LEICESTERSHIRE AND RUTLAND INTEGRATED CARE BOARD",Antidepressant,154812,5597983.0,379288.48115
NHS SOUTH EAST LONDON INTEGRATED CARE BOARD,Antidepressant,152614,5906079.0,369322.3645
NHS NORTH CENTRAL LONDON INTEGRATED CARE BOARD,Antidepressant,151123,5280179.0,373906.31715
NHS CAMBRIDGESHIRE AND PETERBOROUGH INTEGRATED CARE BOARD,Antidepressant,141472,4838056.0,287265.94778
NHS SOUTH WEST LONDON INTEGRATED CARE BOARD,Antidepressant,140291,4729985.0,311434.07674
NHS COVENTRY AND WARWICKSHIRE INTEGRATED CARE BOARD,Antidepressant,139994,4932968.0,361847.1701
"NHS BATH AND NORTH EAST SOMERSET, SWINDON AND WILTSHIRE INTEGRATED CARE BOARD",Antidepressant,133657,5031938.0,276004.6321
NHS NORTHAMPTONSHIRE INTEGRATED CARE BOARD,Antidepressant,120715,4101168.0,241254.89998
"NHS BRISTOL, NORTH SOMERSET AND SOUTH GLOUCESTERSHIRE INTEGRATED CARE BOARD",Antidepressant,112483,5005222.0,263335.41092
NHS DORSET INTEGRATED CARE BOARD,Antidepressant,111461,4600777.0,270280.4745
NHS HEREFORDSHIRE AND WORCESTERSHIRE INTEGRATED CARE BOARD,Antidepressant,109013,4504053.0,260026.8611
"NHS BEDFORDSHIRE, LUTON AND MILTON KEYNES INTEGRATED CARE BOARD",Antidepressant,107860,4122769.0,260055.27455
NHS GLOUCESTERSHIRE INTEGRATED CARE BOARD,Antidepressant,101855,3731150.0,234851.52731
NHS CORNWALL AND THE ISLES OF SCILLY INTEGRATED CARE BOARD,Antidepressant,97589,3565480.0,249384.00443
NHS SURREY HEARTLANDS INTEGRATED CARE BOARD,Antidepressant,96616,4162747.0,314687.84483
NHS SOMERSET INTEGRATED CARE BOARD,Antidepressant,75998,3308407.0,183629.08851
NHS FRIMLEY INTEGRATED CARE BOARD,Antidepressant,75661,3026119.0,213418.1103
NHS CHESHIRE AND MERSEYSIDE INTEGRATED CARE BOARD,Anxiolytic,73963,2298679.0,400218.3607
"NHS SHROPSHIRE, TELFORD AND WREKIN INTEGRATED CARE BOARD",Antidepressant,66076,2891028.0,177717.19121
NHS GREATER MANCHESTER INTEGRATED CARE BOARD,Anxiolytic,60033,1877538.0,443367.09492
NHS NORTH EAST AND NORTH CUMBRIA INTEGRATED CARE BOARD,Anxiolytic,55674,1733989.0,366124.20644
NHS SUSSEX INTEGRATED CARE BOARD,Anxiolytic,48648,1409380.0,257027.73553
NHS WEST YORKSHIRE INTEGRATED CARE BOARD,Anxiolytic,39690,1299980.0,258541.66596
NHS HAMPSHIRE AND ISLE OF WIGHT INTEGRATED CARE BOARD,Anxiolytic,36889,1334500.0,313560.43198
NHS NORTH WEST LONDON INTEGRATED CARE BOARD,Anxiolytic,36387,992539.0,220060.74651
NHS KENT AND MEDWAY INTEGRATED CARE BOARD,Anxiolytic,35423,1204364.0,189036.21445
NHS DEVON INTEGRATED CARE BOARD,Anxiolytic,35419,1116826.0,158252.20306
NHS NORTH CENTRAL LONDON INTEGRATED CARE BOARD,Anxiolytic,29480,858136.0,202304.51504
NHS NORFOLK AND WAVENEY INTEGRATED CARE BOARD,Anxiolytic,28809,754434.0,101698.14157
NHS LANCASHIRE AND SOUTH CUMBRIA INTEGRATED CARE BOARD,Anxiolytic,28416,907032.0,200968.6618
NHS BLACK COUNTRY INTEGRATED CARE BOARD,Anxiolytic,27456,916047.0,188313.86442
NHS SOUTH YORKSHIRE INTEGRATED CARE BOARD,Anxiolytic,27197,872879.0,181305.35080000001
NHS NORTH EAST LONDON INTEGRATED CARE BOARD,Anxiolytic,26608,781363.0,188532.56888
NHS SUFFOLK AND NORTH EAST ESSEX INTEGRATED CARE BOARD,Anxiolytic,26450,860398.0,149681.22558
NHS HUMBER AND NORTH YORKSHIRE INTEGRATED CARE BOARD,Anxiolytic,26377,880927.0,173988.30336
NHS SOUTH WEST LONDON INTEGRATED CARE BOARD,Anxiolytic,25999,703996.0,130912.72447
NHS DERBY AND DERBYSHIRE INTEGRATED CARE BOARD,Anxiolytic,25969,835058.0,117391.91689
NHS MID AND SOUTH ESSEX INTEGRATED CARE BOARD,Anxiolytic,25382,823539.0,132600.1625
"NHS LEICESTER, LEICESTERSHIRE AND RUTLAND INTEGRATED CARE BOARD",Anxiolytic,24917,812800.0,194314.63391
NHS SOUTH EAST LONDON INTEGRATED CARE BOARD,Anxiolytic,24002,775734.0,191477.02567
"NHS BUCKINGHAMSHIRE, OXFORDSHIRE AND BERKSHIRE WEST INTEGRATED CARE BOARD",Anxiolytic,23558,824282.0,175190.48062
NHS COVENTRY AND WARWICKSHIRE INTEGRATED CARE BOARD,Anxiolytic,23509,768010.0,221922.87972
NHS HERTFORDSHIRE AND WEST ESSEX INTEGRATED CARE BOARD,Anxiolytic,23067,710803.0,137082.43177
NHS HEREFORDSHIRE AND WORCESTERSHIRE INTEGRATED CARE BOARD,Anxiolytic,21913,760006.0,125129.57255
NHS BIRMINGHAM AND SOLIHULL INTEGRATED CARE BOARD,Anxiolytic,21634,795842.0,201081.00052
NHS SURREY HEARTLANDS INTEGRATED CARE BOARD,Anxiolytic,21374,748000.0,100781.58711
NHS LINCOLNSHIRE INTEGRATED CARE BOARD,Anxiolytic,20918,640217.0,164499.48179
"NHS BEDFORDSHIRE, LUTON AND MILTON KEYNES INTEGRATED CARE BOARD",Anxiolytic,20516,683305.0,127284.48514
NHS STAFFORDSHIRE AND STOKE-ON-TRENT INTEGRATED CARE BOARD,Anxiolytic,20076,652704.0,135792.27213
"NHS BATH AND NORTH EAST SOMERSET, SWINDON AND WILTSHIRE INTEGRATED CARE BOARD",Anxiolytic,18363,497281.0,72709.92974
NHS GLOUCESTERSHIRE INTEGRATED CARE BOARD,Anxiolytic,18048,501050.0,80246.29385
"NHS BRISTOL, NORTH SOMERSET AND SOUTH GLOUCESTERSHIRE INTEGRATED CARE BOARD",Anxiolytic,16566,489128.0,76923.23815
NHS NOTTINGHAM AND NOTTINGHAMSHIRE INTEGRATED CARE BOARD,Anxiolytic,16419,492251.0,87363.05079
NHS CAMBRIDGESHIRE AND PETERBOROUGH INTEGRATED CARE BOARD,Anxiolytic,15278,452810.0,92097.79944
NHS DORSET INTEGRATED CARE BOARD,Anxiolytic,15153,407386.0,75089.40006
NHS CORNWALL AND THE ISLES OF SCILLY INTEGRATED CARE BOARD,Anxiolytic,15144,443420.0,65951.77777
NHS NORTHAMPTONSHIRE INTEGRATED CARE BOARD,Anxiolytic,14358,397820.0,51273.84196
NHS FRIMLEY INTEGRATED CARE BOARD,Anxiolytic,13107,468410.0,99431.32121
NHS SOMERSET INTEGRATED CARE BOARD,Anxiolytic,10833,303733.0,55720.404800000004
"NHS SHROPSHIRE, TELFORD AND WREKIN INTEGRATED CARE BOARD",Anxiolytic,10162,372819.0,63702.5175
UNIDENTIFIED,Antidepressant,331,11319.0,907.688
UNIDENTIFIED,Anxiolytic,158,4907.0,1610.29152
